Bulbasaur https://img.pokemondb.net/artwork/large/bulbasaur.jpg 0001 45 49 49 65 65 45 294 216 216 251 251 207 5 0002
Ivysaur https://img.pokemondb.net/artwork/large/ivysaur.jpg 0002 60 62 63 80 80 60 324 245 247 284 284 240 16 0003
Venusaur https://img.pokemondb.net/artwork/large/venusaur.jpg 0003 80 82 83 100 100 80 364 289 291 328 328 284 32 NA
Charmander https://img.pokemondb.net/artwork/large/charmander.jpg 0004 39 52 43 43 50 65 282 223 203 240 218 251 5 0005
Charmeleon https://img.pokemondb.net/artwork/large/charmeleon.jpg 0005 58 64 58 80 65 80 320 249 236 284 251 284 16 0006
Charizard https://img.pokemondb.net/artwork/large/charizard.jpg 0006 78 84 78 109 85 100 360 293 280 348 295 328 32 NA
Squirtle https://img.pokemondb.net/artwork/large/squirtle.jpg 0007 44 48 65 50 64 43 292 214 251 218 249 203 5 0008
Wartortle https://img.pokemondb.net/artwork/large/wartortle.jpg 0008 59 63 80 65 80 58 322 247 284 251 284 236 16 0009
Blastoise https://img.pokemondb.net/artwork/large/blastoise.jpg 0009 79 83 100 85 105 78 362 291 328 295 339 280 32 NA
Caterpie https://img.pokemondb.net/artwork/large/caterpie.jpg 0010 45 30 35 20 20 45 294 174 185 152 152 207 3 0011
Metapod https://img.pokemondb.net/artwork/large/metapod.jpg 0011 50 20 55 25 25 30 304 152 229 163 163 174 7 0012
Butterfree https://img.pokemondb.net/artwork/large/butterfree.jpg 0012 60 45 50 90 80 70 324 207 218 306 284 262 10 NA
Weedle https://img.pokemondb.net/artwork/large/weedle.jpg 0013 40 35 30 20 20 50 284 185 174 152 152 218 3 0014
Kakuna https://img.pokemondb.net/artwork/large/kakuna.jpg 0014 45 25 50 25 25 35 294 163 218 163 163 185 7 0015
Beedrill https://img.pokemondb.net/artwork/large/beedrill.jpg 0015 65 90 40 45 80 75 334 306 196 207 284 273 10 NA
Pidgey https://img.pokemondb.net/artwork/large/pidgey.jpg 0016 40 45 40 35 35 56 284 207 196 185 185 232 6 0017
Pidgeotto https://img.pokemondb.net/artwork/large/pidgeotto.jpg 0017 63 60 55 50 50 71 330 240 229 218 218 265 18 0018
Pidgeot https://img.pokemondb.net/artwork/large/pidgeot.jpg 0018 83 80 75 70 70 101 370 284 273 262 262 331 36 NA
Rattata https://img.pokemondb.net/artwork/large/rattata.jpg 0019 30 56 35 25 35 72 264 232 185 163 185 267 3 0020
Raticate https://img.pokemondb.net/artwork/large/raticate.jpg 0020 55 81 60 50 70 97 314 287 240 218 262 322 20 NA
Spearow https://img.pokemondb.net/artwork/large/spearow.jpg 0021 40 60 30 31 31 70 284 240 174 177 177 262 5 0022
Fearow https://img.pokemondb.net/artwork/large/fearow.jpg 0022 65 90 65 61 61 100 334 306 251 243 243 328 20 NA
Ekans https://img.pokemondb.net/artwork/large/ekans.jpg 0023 35 60 44 40 54 55 274 240 205 196 227 229 6 0024
Arbok https://img.pokemondb.net/artwork/large/arbok.jpg 0024 60 95 69 65 79 80 324 317 260 251 282 284 22 NA
Pikachu https://img.pokemondb.net/artwork/large/pikachu.jpg 0025 35 55 40 50 50 90 274 229 196 218 218 306 6 0026
Raichu https://img.pokemondb.net/artwork/large/raichu.jpg 0026 60 90 55 90 80 110 324 306 229 306 284 350 20 NA
Sandshrew https://img.pokemondb.net/artwork/large/sandshrew.jpg 0027 50 75 85 20 30 40 304 273 295 152 174 196 6 0028
Sandslash https://img.pokemondb.net/artwork/large/sandslash.jpg 0028 75 100 110 45 55 65 354 328 350 207 229 251 22 NA
Nidoran(F) https://img.pokemondb.net/artwork/large/nidoran-f.jpg 0029 55 47 52 40 40 41 314 212 223 196 196 199 5 0030
Nidorina https://img.pokemondb.net/artwork/large/nidorina.jpg 0030 70 62 67 55 55 56 344 245 256 229 229 232 16 0031
Nidoqueen https://img.pokemondb.net/artwork/large/nidoqueen.jpg 0031 90 92 87 75 85 76 384 311 300 273 295 276 32 NA
Nidoran(M) https://img.pokemondb.net/artwork/large/nidoran-m.jpg 0032 46 57 40 40 40 50 296 234 196 196 196 218 6 0033
Nidorino https://img.pokemondb.net/artwork/large/nidorino.jpg 0033 61 72 57 55 55 65 326 267 234 229 229 251 16 0034
Nidoking https://img.pokemondb.net/artwork/large/nidoking.jpg 0034 81 102 77 85 75 85 366 333 278 295 273 295 32 NA
Clefairy https://img.pokemondb.net/artwork/large/clefairy.jpg 0035 70 45 48 60 65 35 344 207 214 240 251 185 10 0035
Clefable https://img.pokemondb.net/artwork/large/clefable.jpg 0036 95 70 73 95 90 60 394 262 269 317 306 240 22 NA
Vulpix https://img.pokemondb.net/artwork/large/vulpix.jpg 0037 38 41 40 50 65 65 280 199 196 218 251 251 5 0038
Ninetales https://img.pokemondb.net/artwork/large/ninetales.jpg 0038 73 76 75 81 100 100 350 276 273 287 328 328 20 NA
Jigglypuff https://img.pokemondb.net/artwork/large/jigglypuff.jpg 0039 115 45 20 45 25 20 434 207 152 207 163 152 10 0040
Wigglytuff https://img.pokemondb.net/artwork/large/wigglytuff.jpg 0040 140 70 45 85 50 45 484 262 207 295 218 207 20 NA
Zubat https://img.pokemondb.net/artwork/large/zubat.jpg 0041 40 45 35 30 40 55 284 207 185 174 196 229 5 0042
Golbat https://img.pokemondb.net/artwork/large/golbat.jpg 0042 75 80 70 65 75 90 354 284 262 251 273 306 22 NA
Oddish https://img.pokemondb.net/artwork/large/oddish.jpg 0043 45 50 55 75 65 30 294 218 229 273 251 174 5 0044
Gloom https://img.pokemondb.net/artwork/large/gloom.jpg 0044 60 65 70 85 75 40 324 251 262 295 273 196 21 0045
Vileplume https://img.pokemondb.net/artwork/large/vileplume.jpg 0045 75 80 85 110 90 50 354 284 295 350 306 218 36 NA
Paras https://img.pokemondb.net/artwork/large/paras.jpg 0046 35 70 55 45 55 25 274 262 229 207 229 163 3 0047
Parasect https://img.pokemondb.net/artwork/large/parasect.jpg 0047 60 95 80 60 80 30 324 317 284 240 284 174 24 NA
Venonat https://img.pokemondb.net/artwork/large/venonat.jpg 0048 60 55 50 40 55 45 324 229 218 196 229 207 5 0049
Venomoth https://img.pokemondb.net/artwork/large/venomoth.jpg 0049 70 65 60 90 75 90 344 251 240 306 273 306 31 NA
Diglett https://img.pokemondb.net/artwork/large/diglett.jpg 0050 10 55 25 35 45 95 224 229 163 185 207 317 3 0051
Dugtrio https://img.pokemondb.net/artwork/large/dugtrio.jpg 0051 35 100 50 50 70 120 274 328 218 218 262 372 26 NA
Meowth https://img.pokemondb.net/artwork/large/meowth.jpg 0052 40 45 35 40 40 90 284 207 185 196 196 306 3 0053
Persian https://img.pokemondb.net/artwork/large/persian.jpg 0053 65 70 60 65 65 115 334 262 240 251 251 361 28 NA
Psyduck https://img.pokemondb.net/artwork/large/psyduck.jpg 0054 50 52 48 65 50 55 304 223 214 251 218 229 5 0055
Golduck https://img.pokemondb.net/artwork/large/golduck.jpg 0055 80 82 78 95 80 85 364 289 280 317 284 295 33 NA
Mankey https://img.pokemondb.net/artwork/large/mankey.jpg 0056 40 80 35 35 45 70 284 284 185 185 207 262 5 0057
Primeape https://img.pokemondb.net/artwork/large/primeape.jpg 0057 65 105 60 60 70 95 334 339 240 240 262 317 28 NA
Growlithe https://img.pokemondb.net/artwork/large/growlithe.jpg 0058 55 70 45 70 50 60 314 262 207 262 218 240 5 0059
Arcanine https://img.pokemondb.net/artwork/large/arcanine.jpg 0059 90 110 80 100 80 95 384 350 284 328 284 317 33 NA
Poliwag https://img.pokemondb.net/artwork/large/poliwag.jpg 0060 40 50 40 40 40 90 284 218 196 196 196 306 3 0061
Poliwhirl https://img.pokemondb.net/artwork/large/poliwhirl.jpg 0061 65 65 65 50 50 90 334 251 251 218 218 306 25 0062
Poliwrath https://img.pokemondb.net/artwork/large/poliwrath.jpg 0062 90 95 95 70 90 70 384 317 317 262 306 262 38 NA
Abra https://img.pokemondb.net/artwork/large/abra.jpg 0063 25 20 15 105 55 90 254 152 141 339 229 306 3 0064
Kadabra https://img.pokemondb.net/artwork/large/kadabra.jpg 0064 40 35 30 120 70 105 284 185 174 372 262 339 16 0065
Alakazam https://img.pokemondb.net/artwork/large/alakazam.jpg 0065 55 50 45 135 95 120 314 218 207 405 317 372 32 NA
Machop https://img.pokemondb.net/artwork/large/machop.jpg 0066 70 80 50 35 35 35 344 284 218 185 185 185 5 0067
Machoke https://img.pokemondb.net/artwork/large/machoke.jpg 0067 80 100 70 50 60 45 364 328 262 218 240 207 28 0068
Machamp https://img.pokemondb.net/artwork/large/machamp.jpg 0068 90 130 80 65 85 55 384 394 284 251 295 229 38 NA
Bellsprout https://img.pokemondb.net/artwork/large/bellsprout.jpg 0069 50 75 35 70 30 40 304 273 185 262 174 196 5 0070
Weepinbell https://img.pokemondb.net/artwork/large/weepinbell.jpg 0070 65 90 50 85 45 55 334 306 218 295 207 229 21 0071
Victreebel https://img.pokemondb.net/artwork/large/victreebel.jpg 0071 80 105 65 100 70 70 364 339 251 328 262 262 36 NA
Tentacool https://img.pokemondb.net/artwork/large/tentacool.jpg 0072 40 40 35 50 100 70 284 196 185 218 328 262 5 0073
Tentacruel https://img.pokemondb.net/artwork/large/tentacruel.jpg 0073 80 70 65 80 120 100 364 262 251 284 372 328 30 NA
Geodude https://img.pokemondb.net/artwork/large/geodude.jpg 0074 40 80 100 30 30 20 284 284 328 174 174 152 5 0075
Graveler https://img.pokemondb.net/artwork/large/graveler.jpg 0075 55 95 115 45 45 35 314 317 361 207 207 185 25 0076
Golem https://img.pokemondb.net/artwork/large/golem.jpg 0076 80 120 130 55 65 45 364 372 394 229 251 207 38 NA
Ponyta https://img.pokemondb.net/artwork/large/ponyta.jpg 0077 50 85 55 65 65 90 304 295 229 251 251 306 12 0078
Rapidash https://img.pokemondb.net/artwork/large/rapidash.jpg 0078 65 100 70 80 80 105 334 328 262 284 284 339 40 NA
Slowpoke https://img.pokemondb.net/artwork/large/slowpoke.jpg 0079 90 65 65 40 40 15 384 251 251 196 196 141 12 0080
Slowbro https://img.pokemondb.net/artwork/large/slowbro.jpg 0080 95 75 110 100 80 30 394 273 350 328 284 174 37 NA
Magnemite https://img.pokemondb.net/artwork/large/magnemite.jpg 0081 25 35 70 95 55 45 254 185 262 317 229 207 3 0082
Magneton https://img.pokemondb.net/artwork/large/magneton.jpg 0082 50 60 95 120 70 70 304 240 317 372 262 262 30 NA
Farfetch'd https://img.pokemondb.net/artwork/large/farfetchd.jpg 0083 52 90 55 58 62 60 308 306 229 236 245 240 18 NA
Doduo https://img.pokemondb.net/artwork/large/doduo.jpg 0084 35 85 45 35 35 75 274 295 207 185 185 273 8 0085
Dodrio https://img.pokemondb.net/artwork/large/dodrio.jpg 0085 60 110 70 60 60 110 324 350 262 240 240 350 31 NA
Seel https://img.pokemondb.net/artwork/large/seel.jpg 0086 65 45 55 45 70 45 334 207 229 207 262 207 12 0087
Dewgong https://img.pokemondb.net/artwork/large/dewgong.jpg 0087 90 70 80 70 95 70 384 262 284 262 317 262 34 NA
Grimer https://img.pokemondb.net/artwork/large/grimer.jpg 0088 80 80 50 40 50 25 364 284 218 196 218 163 5 0089
Muk https://img.pokemondb.net/artwork/large/muk.jpg 0089 105 105 75 65 100 50 414 339 273 251 328 218 38 NA
Shellder https://img.pokemondb.net/artwork/large/shellder.jpg 0090 30 65 100 45 25 40 264 251 328 207 163 196 5 0091
Cloyster https://img.pokemondb.net/artwork/large/cloyster.jpg 0091 50 95 180 85 45 70 304 317 504 295 207 262 25 NA
Gastly https://img.pokemondb.net/artwork/large/gastly.jpg 0092 30 35 30 100 35 80 264 185 174 328 185 284 5 0093
Haunter https://img.pokemondb.net/artwork/large/haunter.jpg 0093 45 50 45 115 55 95 294 218 207 361 229 317 25 0094
Gengar https://img.pokemondb.net/artwork/large/gengar.jpg 0094 60 65 60 130 75 110 324 251 240 394 273 350 38 NA
Onix https://img.pokemondb.net/artwork/large/onix.jpg 0095 35 45 160 30 45 70 274 207 460 174 207 262 12 NA
Drowzee https://img.pokemondb.net/artwork/large/drowzee.jpg 0096 60 48 45 43 90 42 324 214 207 203 306 201 8 0097
Hypno https://img.pokemondb.net/artwork/large/hypno.jpg 0097 85 73 70 73 115 67 374 269 262 269 361 256 26 NA
Krabby https://img.pokemondb.net/artwork/large/krabby.jpg 0098 30 105 90 25 25 50 264 339 306 163 163 218 3 0099
Kingler https://img.pokemondb.net/artwork/large/kingler.jpg 0099 55 130 115 50 50 75 314 394 361 218 218 273 28 NA
Voltorb https://img.pokemondb.net/artwork/large/voltorb.jpg 0100 40 30 50 55 55 100 284 174 218 229 229 328 3 0101
Electrode https://img.pokemondb.net/artwork/large/electrode.jpg 0101 60 50 70 80 80 150 324 218 262 284 284 438 30 NA
Exeggcute https://img.pokemondb.net/artwork/large/exeggcute.jpg 0102 60 40 80 60 45 40 324 196 284 240 207 196 12 0103
Exeggutor https://img.pokemondb.net/artwork/large/exeggutor.jpg 0103 95 95 85 125 75 55 394 317 295 383 273 229 30 NA
Cubone https://img.pokemondb.net/artwork/large/cubone.jpg 0104 50 50 95 40 50 35 304 218 317 196 218 185 5 0105
Marowak https://img.pokemondb.net/artwork/large/marowak.jpg 0105 60 80 110 50 80 45 324 284 350 218 284 207 28 NA
Hitmonlee https://img.pokemondb.net/artwork/large/hitmonlee.jpg 0106 50 120 53 35 110 87 304 372 225 185 350 300 20 0107
Hitmonchan https://img.pokemondb.net/artwork/large/hitmonchan.jpg 0107 50 105 79 35 110 76 304 339 282 185 350 276 20 NA
Lickitung https://img.pokemondb.net/artwork/large/lickitung.jpg 0108 90 55 75 60 75 30 384 229 273 240 273 174 15 NA
Koffing https://img.pokemondb.net/artwork/large/koffing.jpg 0109 40 65 95 60 45 35 284 251 317 240 207 185 15 0110
Weezing https://img.pokemondb.net/artwork/large/weezing.jpg 0110 65 90 120 85 70 60 334 306 372 295 262 240 35 NA
Rhyhorn https://img.pokemondb.net/artwork/large/rhyhorn.jpg 0111 80 85 95 30 30 25 364 295 317 174 174 163 22 0112
Rhydon https://img.pokemondb.net/artwork/large/rhydon.jpg 0112 105 130 120 45 45 40 414 394 372 207 207 196 42 NA
Chansey https://img.pokemondb.net/artwork/large/chansey.jpg 0113 250 5 5 35 105 50 704 119 119 185 339 218 15 NA
Tangela https://img.pokemondb.net/artwork/large/tangela.jpg 0114 65 55 115 100 40 60 334 229 361 328 196 240 15 NA
Kangaskhan https://img.pokemondb.net/artwork/large/kangaskhan.jpg 0115 105 95 80 40 80 90 414 317 284 196 284 306 20 NA
Horsea https://img.pokemondb.net/artwork/large/horsea.jpg 0116 30 40 70 70 25 60 264 296 262 262 163 240 5 0117
Seadra https://img.pokemondb.net/artwork/large/seadra.jpg 0117 55 65 95 95 45 85 314 251 317 317 207 295 32 NA
Goldeen https://img.pokemondb.net/artwork/large/goldeen.jpg 0118 45 67 60 35 50 63 294 256 240 185 218 247 5 0119
Seaking https://img.pokemondb.net/artwork/large/seaking.jpg 0119 80 92 65 65 80 68 364 311 251 251 284 258 33 NA
Staryu https://img.pokemondb.net/artwork/large/staryu.jpg 0120 30 45 55 70 55 85 264 207 229 262 229 295 12 0121
Starmie https://img.pokemondb.net/artwork/large/starmie.jpg 0121 60 75 85 100 85 115 324 273 295 328 295 361 33 NA
Mr.Mime https://img.pokemondb.net/artwork/large/mr-mime.jpg 0122 40 45 65 100 120 90 284 207 251 328 372 306 10 NA
Scyther https://img.pokemondb.net/artwork/large/scyther.jpg 0123 70 110 80 55 80 105 344 350 284 229 284 339 15 NA
Jynx https://img.pokemondb.net/artwork/large/jynx.jpg 0124 65 50 35 115 95 95 334 218 185 361 317 317 30 NA
Electabuzz https://img.pokemondb.net/artwork/large/electabuzz.jpg 0125 65 83 57 95 85 105 334 291 234 317 295 339 30 NA
Magmar https://img.pokemondb.net/artwork/large/magmar.jpg 0126 65 95 57 100 85 93 334 317 234 328 295 313 30 NA
Pinsir https://img.pokemondb.net/artwork/large/pinsir.jpg 0127 65 125 100 55 70 85 334 383 328 229 262 295 25 NA
Tauros https://img.pokemondb.net/artwork/large/tauros.jpg 0128 75 100 95 40 70 110 354 328 317 196 262 350 25 NA
Magikarp https://img.pokemondb.net/artwork/large/magikarp.jpg 0129 20 10 55 15 20 80 244 130 229 141 152 284 5 0130
Gyarados https://img.pokemondb.net/artwork/large/gyarados.jpg 0130 95 125 79 60 100 81 394 383 282 240 328 287 20 NA
Lapras https://img.pokemondb.net/artwork/large/lapras.jpg 0131 130 90 80 90 95 60 464 305 284 305 317 240 12 NA
Ditto https://img.pokemondb.net/artwork/large/ditto.jpg 0132 48 48 48 48 48 48 300 214 214 214 214 214 1 NA
Eevee https://img.pokemondb.net/artwork/large/eevee.jpg 0133 55 55 50 45 65 55 314 229 218 207 251 229 3 0134
Vaporeon https://img.pokemondb.net/artwork/large/vaporeon.jpg 0134 130 60 65 110 95 65 464 251 240 350 317 251 12 NA
Jolteon https://img.pokemondb.net/artwork/large/jolteon.jpg 0135 65 65 60 110 95 130 334 251 240 350 317 394 13 NA
Flareon https://img.pokemondb.net/artwork/large/flareon.jpg 0136 65 130 60 95 110 65 334 394 240 317 350 251 14 NA
Porygon https://img.pokemondb.net/artwork/large/porygon.jpg 0137 65 60 70 85 75 40 334 240 262 295 273 196 10 NA
Omanyte https://img.pokemondb.net/artwork/large/omanyte.jpg 0138 35 40 100 90 55 35 274 196 328 306 229 185 10 0139
Omastar https://img.pokemondb.net/artwork/large/omastar.jpg 0139 70 60 125 115 70 55 344 240 383 361 262 229 40 NA
Kabuto https://img.pokemondb.net/artwork/large/kabuto.jpg 0140 30 80 90 55 45 55 264 284 306 229 207 229 10 0141
Kabutops https://img.pokemondb.net/artwork/large/kabutops.jpg 0141 60 115 105 65 70 80 324 361 339 251 262 284 40 NA
Aerodactyl https://img.pokemondb.net/artwork/large/aerodactyl.jpg 0142 80 105 65 60 75 130 364 339 251 240 273 394 25 NA
Snorlax https://img.pokemondb.net/artwork/large/snorlax.jpg 0143 160 110 65 65 110 30 524 250 251 251 350 174 25 NA
Articuno https://img.pokemondb.net/artwork/large/articuno.jpg 0144 90 95 100 105 125 85 384 305 328 327 383 295 99 NA
Zapdos https://img.pokemondb.net/artwork/large/zapdos.jpg 0145 90 100 85 135 90 100 384 316 295 393 306 328 99 NA
Moltres https://img.pokemondb.net/artwork/large/moltres.jpg 0146 90 110 90 135 85 90 384 338 306 393 295 306 99 NA
Dratini https://img.pokemondb.net/artwork/large/dratini.jpg 0147 41 64 45 50 50 50 286 249 207 218 218 218 3 0148
Dragonair https://img.pokemondb.net/artwork/large/dragonair.jpg 0148 61 84 85 70 70 70 326 293 251 262 262 262 30 0149
Dragonite https://img.pokemondb.net/artwork/large/dragonite.jpg 0149 91 134 95 100 100 80 386 403 317 328 328 284 55 NA
Mewtwo https://img.pokemondb.net/artwork/large/mewtwo.jpg 0150 106 110 90 154 90 130 416 350 306 447 306 394 99 NA
Mew https://img.pokemondb.net/artwork/large/mew.jpg 0151 100 100 100 100 100 100 303 328 328 328 328 328 1 NA